{
    "texture": {
        "mouthRollLower": 0.058326106518507004,
        "browOuterUp_L": 0,
        "mouthSmile_L": 0.058415889739990234,
        "jawRight": 0.012453692965209484,
        "eyeLookOut_L": 0,
        "mouthFunnel": 0.03393065556883812,
        "mouthUpperUp_R": 0.03960651159286499,
        "browDown_L": 0.15450243651866913,
        "jawLeft": 0,
        "mouthLowerDown_L": 0.03345545753836632,
        "noseSneer_R": 0.18352022767066956,
        "jawForward": 0.011172357015311718,
        "mouthLowerDown_R": 0.03297986835241318,
        "browInnerUp": 0.08728304505348206,
        "mouthRollUpper": 0.013791614212095737,
        "mouthStretch_R": 0.0624912865459919,
        "mouthPucker": 0.08308450877666473,
        "eyeBlink_L": 0.2372814267873764,
        "mouthUpperUp_L": 0.03911712020635605,
        "mouthShrugUpper": 0.161749005317688,
        "eyeLookIn_R": 0.07668650150299072,
        "noseSneer_L": 0.1813880205154419,
        "mouthFrown_L": 0,
        "cheekSquint_L": 0.06867624819278717,
        "eyeLookDown_L": 0.5114334225654602,
        "mouthDimple_L": 0.03461999073624611,
        "mouthFrown_R": 0,
        "eyeLookIn_L": 0.04320880025625229,
        "eyeLookOut_R": 0,
        "mouthLeft": 0,
        "mouthStretch_L": 0.06433151662349701,
        "mouthPress_L": 0.13597418367862701,
        "mouthDimple_R": 0.032711211591959,
        "eyeWide_R": 0,
        "browDown_R": 0.15445780754089355,
        "eyeLookUp_R": 0,
        "eyeBlink_R": 0.23778772354125977,
        "cheekSquint_R": 0.061512622982263565,
        "mouthRight": 0.005705789662897587,
        "eyeLookDown_R": 0.5111416578292847,
        "eyeLookUp_L": 0,
        "eyeSquint_L": 0.043636709451675415,
        "jawOpen": 0.017741719260811806,
        "browOuterUp_R": 0,
        "mouthClose": 0.01977153681218624,
        "mouthShrugLower": 0.19842174649238586,
        "eyeWide_L": 0,
        "tongueOut": 3.6385903179336765e-9,
        "eyeSquint_R": 0.043631523847579956,
        "cheekPuff": 0.04974730312824249,
        "mouthPress_R": 0.1349526345729828,
        "mouthSmile_R": 0.04395122453570366
    },
    "transform": {
        "leftEyeTransform": [
            [
                0.9996516704559326,
                -0.008111735805869102,
                0.025114163756370544,
                0
            ],
            [
                0,
                0.9515935182571411,
                0.3073594570159912,
                0
            ],
            [
                -0.026391692459583282,
                -0.3072524070739746,
                0.9512620568275452,
                0
            ],
            [
                0.032595351338386536,
                0.028769543394446373,
                0.027595745399594307,
                1
            ]
        ],
        "lookAtPoint": [
            0.009122416377067566,
            -0.25850388407707214,
            0.9166921377182007
        ],
        "rightEyeTransform": [
            [
                0.9989029765129089,
                0.014385083690285683,
                -0.04456377401947975,
                0
            ],
            [
                0,
                0.9516482353210449,
                0.30718985199928284,
                0
            ],
            [
                0.04682799056172371,
                -0.3068528473377228,
                0.950604259967804,
                0
            ],
            [
                -0.032548967748880386,
                0.028748059645295143,
                0.027786416932940483,
                1
            ]
        ]
    }
}