{"AnimationClip":{"m_Name":"10_4","serializedVersion":"6","m_Legacy":false,"m_Compressed":false,"m_UseHighQualityCurve":true,"m_RotationCurves":[{"curve":{"serializedVersion":"2","m_Curve":[{"serializedVersion":"3","time":0.0,"value":{"x":-0.18331483006477357,"y":0.6961070895195007,"z":0.19123475253582,"w":0.6672779321670532},"inSlope":{"x":0.0,"y":0.0,"z":0.0,"w":0.0},"outSlope":{"x":0.0,"y":0.0,"z":0.0,"w":0.0},"tangentMode":0,"weightedMode":0,"inWeight":{"x":0.3333333432674408,"y":0.3333333432674408,"z":0.3333333432674408,"w":0.3333333432674408},"outWeight":{"x":0.3333333432674408,"y":0.3333333432674408,"z":0.3333333432674408,"w":0.3333333432674408}},{"serializedVersion":"3","time":8.0,"value":{"x":-0.18331483006477357,"y":0.6961070895195007,"z":0.19123475253582,"w":0.6672779321670532},"inSlope":{"x":0.0,"y":0.0,"z":0.0,"w":0.0},"outSlope":{"x":0.0,"y":0.0,"z":0.0,"w":0.0},"tangentMode":0,"weightedMode":0,"inWeight":{"x":0.3333333432674408,"y":0.3333333432674408,"z":0.3333333432674408,"w":0.3333333432674408},"outWeight":{"x":0.3333333432674408,"y":0.3333333432674408,"z":0.3333333432674408,"w":0.3333333432674408}}],"m_PreInfinity":2,"m_PostInfinity":2,"m_RotationOrder":4},"path":""}],"m_CompressedRotationCurves":[],"m_EulerCurves":[],"m_PositionCurves":[{"curve":{"serializedVersion":"2","m_Curve":[{"serializedVersion":"3","time":0.0,"value":{"x":-5.469959735870361,"y":12.984329223632813,"z":3.3238799571990969},"inSlope":{"x":1.4134979248046876,"y":0.840789794921875,"z":-0.05980682373046875},"outSlope":{"x":1.4134979248046876,"y":0.840789794921875,"z":-0.05980682373046875},"tangentMode":0,"weightedMode":0,"inWeight":{"x":0.3333333432674408,"y":0.3333333432674408,"z":0.3333333432674408},"outWeight":{"x":0.3333333432674408,"y":0.3333333432674408,"z":0.3333333432674408}},{"serializedVersion":"3","time":1.9600000381469727,"value":{"x":-2.6994950771331789,"y":14.632269859313965,"z":3.206662178039551},"inSlope":{"x":1.4134949445724488,"y":0.8407576084136963,"z":-0.05979907512664795},"outSlope":{"x":1.4135068655014039,"y":0.8407906293869019,"z":-0.05980687960982323},"tangentMode":0,"weightedMode":0,"inWeight":{"x":0.3333333432674408,"y":0.3333333432674408,"z":0.3333333432674408},"outWeight":{"x":0.3333333432674408,"y":0.3333333432674408,"z":0.3333333432674408}},{"serializedVersion":"3","time":3.9200000762939455,"value":{"x":0.07096979767084122,"y":16.28021240234375,"z":3.089444160461426},"inSlope":{"x":1.413503885269165,"y":0.8407906293869019,"z":-0.05980687960982323},"outSlope":{"x":1.413503885269165,"y":0.8407906293869019,"z":-0.05979925021529198},"tangentMode":0,"weightedMode":0,"inWeight":{"x":0.3333333432674408,"y":0.3333333432674408,"z":0.3333333432674408},"outWeight":{"x":0.3333333432674408,"y":0.3333333432674408,"z":0.3333333432674408}},{"serializedVersion":"3","time":5.880000114440918,"value":{"x":2.8414344787597658,"y":17.928152084350587,"z":2.97222638130188},"inSlope":{"x":1.4134992361068726,"y":0.8407906293869019,"z":-0.05980687960982323},"outSlope":{"x":1.4135068655014039,"y":0.8407906293869019,"z":-0.05980687960982323},"tangentMode":0,"weightedMode":0,"inWeight":{"x":0.3333333432674408,"y":0.3333333432674408,"z":0.3333333432674408},"outWeight":{"x":0.3333333432674408,"y":0.3333333432674408,"z":0.3333333432674408}},{"serializedVersion":"3","time":7.840000152587891,"value":{"x":5.611899375915527,"y":19.576093673706056,"z":2.855008840560913},"inSlope":{"x":1.4134992361068726,"y":0.8407906293869019,"z":-0.05980687960982323},"outSlope":{"x":1.413514494895935,"y":0.8407906293869019,"z":-0.05980687960982323},"tangentMode":0,"weightedMode":0,"inWeight":{"x":0.3333333432674408,"y":0.3333333432674408,"z":0.3333333432674408},"outWeight":{"x":0.3333333432674408,"y":0.3333333432674408,"z":0.3333333432674408}},{"serializedVersion":"3","time":8.0,"value":{"x":5.83806037902832,"y":19.71061897277832,"z":2.845439910888672},"inSlope":{"x":1.413514494895935,"y":0.8407906293869019,"z":-0.05980687960982323},"outSlope":{"x":1.413514494895935,"y":0.8407906293869019,"z":-0.05980687960982323},"tangentMode":0,"weightedMode":0,"inWeight":{"x":0.3333333432674408,"y":0.3333333432674408,"z":0.3333333432674408},"outWeight":{"x":0.3333333432674408,"y":0.3333333432674408,"z":0.3333333432674408}}],"m_PreInfinity":2,"m_PostInfinity":2,"m_RotationOrder":4},"path":""}],"m_ScaleCurves":[{"curve":{"serializedVersion":"2","m_Curve":[{"serializedVersion":"3","time":0.0,"value":{"x":1.0,"y":1.0,"z":1.0},"inSlope":{"x":0.0,"y":0.0,"z":0.0},"outSlope":{"x":0.0,"y":0.0,"z":0.0},"tangentMode":0,"weightedMode":0,"inWeight":{"x":0.3333333432674408,"y":0.3333333432674408,"z":0.3333333432674408},"outWeight":{"x":0.3333333432674408,"y":0.3333333432674408,"z":0.3333333432674408}},{"serializedVersion":"3","time":8.0,"value":{"x":1.0,"y":1.0,"z":1.0},"inSlope":{"x":0.0,"y":0.0,"z":0.0},"outSlope":{"x":0.0,"y":0.0,"z":0.0},"tangentMode":0,"weightedMode":0,"inWeight":{"x":0.3333333432674408,"y":0.3333333432674408,"z":0.3333333432674408},"outWeight":{"x":0.3333333432674408,"y":0.3333333432674408,"z":0.3333333432674408}}],"m_PreInfinity":2,"m_PostInfinity":2,"m_RotationOrder":4},"path":""}],"m_FloatCurves":[],"m_PPtrCurves":[],"m_SampleRate":25.0,"m_WrapMode":0,"m_Bounds":{"m_Center":{"x":0.0,"y":0.0,"z":0.0},"m_Extent":{"x":0.0,"y":0.0,"z":0.0}},"m_ClipBindingConstant":{"genericBindings":[{"serializedVersion":"2","path":0,"attribute":1,"script":{"instanceID":0},"typeID":4,"customType":0,"isPPtrCurve":0},{"serializedVersion":"2","path":0,"attribute":2,"script":{"instanceID":0},"typeID":4,"customType":0,"isPPtrCurve":0},{"serializedVersion":"2","path":0,"attribute":3,"script":{"instanceID":0},"typeID":4,"customType":0,"isPPtrCurve":0}],"pptrCurveMapping":[]},"m_AnimationClipSettings":{"serializedVersion":"2","m_AdditiveReferencePoseClip":{"instanceID":0},"m_AdditiveReferencePoseTime":0.0,"m_StartTime":0.0,"m_StopTime":8.0,"m_OrientationOffsetY":0.0,"m_Level":0.0,"m_CycleOffset":0.0,"m_HasAdditiveReferencePose":false,"m_LoopTime":false,"m_LoopBlend":false,"m_LoopBlendOrientation":false,"m_LoopBlendPositionY":false,"m_LoopBlendPositionXZ":false,"m_KeepOriginalOrientation":false,"m_KeepOriginalPositionY":true,"m_KeepOriginalPositionXZ":false,"m_HeightFromFeet":false,"m_Mirror":false},"m_EditorCurves":[{"curve":{"serializedVersion":"2","m_Curve":[{"serializedVersion":"3","time":0.0,"value":-5.469959735870361,"inSlope":1.4134979248046876,"outSlope":1.4134979248046876,"tangentMode":0,"weightedMode":0,"inWeight":0.3333333432674408,"outWeight":0.3333333432674408},{"serializedVersion":"3","time":1.9600000381469727,"value":-2.6994950771331789,"inSlope":1.4134949445724488,"outSlope":1.4135068655014039,"tangentMode":0,"weightedMode":0,"inWeight":0.3333333432674408,"outWeight":0.3333333432674408},{"serializedVersion":"3","time":3.9200000762939455,"value":0.07096979767084122,"inSlope":1.413503885269165,"outSlope":1.413503885269165,"tangentMode":0,"weightedMode":0,"inWeight":0.3333333432674408,"outWeight":0.3333333432674408},{"serializedVersion":"3","time":5.880000114440918,"value":2.8414344787597658,"inSlope":1.4134992361068726,"outSlope":1.4135068655014039,"tangentMode":0,"weightedMode":0,"inWeight":0.3333333432674408,"outWeight":0.3333333432674408},{"serializedVersion":"3","time":7.840000152587891,"value":5.611899375915527,"inSlope":1.4134992361068726,"outSlope":1.413514494895935,"tangentMode":0,"weightedMode":0,"inWeight":0.3333333432674408,"outWeight":0.3333333432674408},{"serializedVersion":"3","time":8.0,"value":5.83806037902832,"inSlope":1.413514494895935,"outSlope":1.413514494895935,"tangentMode":0,"weightedMode":0,"inWeight":0.3333333432674408,"outWeight":0.3333333432674408}],"m_PreInfinity":2,"m_PostInfinity":2,"m_RotationOrder":4},"attribute":"m_LocalPosition.x","path":"","classID":4,"script":{"instanceID":0}},{"curve":{"serializedVersion":"2","m_Curve":[{"serializedVersion":"3","time":0.0,"value":12.984329223632813,"inSlope":0.840789794921875,"outSlope":0.840789794921875,"tangentMode":0,