{"AnimationClip":{"m_Name":"3_1","serializedVersion":"6","m_Legacy":false,"m_Compressed":false,"m_UseHighQualityCurve":true,"m_RotationCurves":[{"curve":{"serializedVersion":"2","m_Curve":[{"serializedVersion":"3","time":0.0,"value":{"x":0.003767667803913355,"y":-0.8920075297355652,"z":0.007436300162225962,"w":0.45194363594055178},"inSlope":{"x":0.0,"y":0.0,"z":0.0,"w":0.0},"outSlope":{"x":0.0,"y":0.0,"z":0.0,"w":0.0},"tangentMode":0,"weightedMode":0,"inWeight":{"x":0.3333333432674408,"y":0.3333333432674408,"z":0.3333333432674408,"w":0.3333333432674408},"outWeight":{"x":0.3333333432674408,"y":0.3333333432674408,"z":0.3333333432674408,"w":0.3333333432674408}},{"serializedVersion":"3","time":8.0,"value":{"x":0.003767667803913355,"y":-0.8920075297355652,"z":0.007436300162225962,"w":0.45194363594055178},"inSlope":{"x":0.0,"y":0.0,"z":0.0,"w":0.0},"outSlope":{"x":0.0,"y":0.0,"z":0.0,"w":0.0},"tangentMode":0,"weightedMode":0,"inWeight":{"x":0.3333333432674408,"y":0.3333333432674408,"z":0.3333333432674408,"w":0.3333333432674408},"outWeight":{"x":0.3333333432674408,"y":0.3333333432674408,"z":0.3333333432674408,"w":0.3333333432674408}}],"m_PreInfinity":2,"m_PostInfinity":2,"m_RotationOrder":4},"path":""}],"m_CompressedRotationCurves":[],"m_EulerCurves":[],"m_PositionCurves":[{"curve":{"serializedVersion":"2","m_Curve":[{"serializedVersion":"3","time":0.0,"value":{"x":24.893260955810548,"y":1.1423643827438355,"z":7.115936279296875},"inSlope":{"x":-0.32354736328125,"y":-0.015211105346679688,"z":0.10626220703125},"outSlope":{"x":-0.32354736328125,"y":-0.015211105346679688,"z":0.10626220703125},"tangentMode":0,"weightedMode":0,"inWeight":{"x":0.3333333432674408,"y":0.3333333432674408,"z":0.3333333432674408},"outWeight":{"x":0.3333333432674408,"y":0.3333333432674408,"z":0.3333333432674408}},{"serializedVersion":"3","time":1.9600000381469727,"value":{"x":24.259130477905275,"y":1.1125516891479493,"z":7.324228286743164},"inSlope":{"x":-0.32348567247390749,"y":-0.01521107368171215,"z":0.10626198351383209},"outSlope":{"x":-0.3235476613044739,"y":-0.015211119316518307,"z":0.10627757012844086},"tangentMode":0,"weightedMode":0,"inWeight":{"x":0.3333333432674408,"y":0.3333333432674408,"z":0.3333333432674408},"outWeight":{"x":0.3333333432674408,"y":0.3333333432674408,"z":0.3333333432674408}},{"serializedVersion":"3","time":3.9200000762939455,"value":{"x":23.624996185302736,"y":1.082738995552063,"z":7.5325212478637699},"inSlope":{"x":-0.3235476613044739,"y":-0.015211119316518307,"z":0.10627757012844086},"outSlope":{"x":-0.3234866261482239,"y":-0.015211119316518307,"z":0.10627757012844086},"tangentMode":0,"weightedMode":0,"inWeight":{"x":0.3333333432674408,"y":0.3333333432674408,"z":0.3333333432674408},"outWeight":{"x":0.3333333432674408,"y":0.3333333432674408,"z":0.3333333432674408}},{"serializedVersion":"3","time":5.880000114440918,"value":{"x":22.99086570739746,"y":1.0529263019561768,"z":7.740814208984375},"inSlope":{"x":-0.3235476613044739,"y":-0.015211119316518307,"z":0.10627757012844086},"outSlope":{"x":-0.3235476613044739,"y":-0.015209211967885495,"z":0.10626231133937836},"tangentMode":0,"weightedMode":0,"inWeight":{"x":0.3333333432674408,"y":0.3333333432674408,"z":0.3333333432674408},"outWeight":{"x":0.3333333432674408,"y":0.3333333432674408,"z":0.3333333432674408}},{"serializedVersion":"3","time":7.840000152587891,"value":{"x":22.356735229492189,"y":1.02311372756958,"z":7.949106216430664},"inSlope":{"x":-0.3235476613044739,"y":-0.015209211967885495,"z":0.10626231133937836},"outSlope":{"x":-0.3235476613044739,"y":-0.015211119316518307,"z":0.10627757012844086},"tangentMode":0,"weightedMode":0,"inWeight":{"x":0.3333333432674408,"y":0.3333333432674408,"z":0.3333333432674408},"outWeight":{"x":0.3333333432674408,"y":0.3333333432674408,"z":0.3333333432674408}},{"serializedVersion":"3","time":8.0,"value":{"x":22.304969787597658,"y":1.0206799507141114,"z":7.9661102294921879},"inSlope":{"x":-0.3235476613044739,"y":-0.015211119316518307,"z":0.10627757012844086},"outSlope":{"x":-0.3235476613044739,"y":-0.015211119316518307,"z":0.10627757012844086},"tangentMode":0,"weightedMode":0,"inWeight":{"x":0.3333333432674408,"y":0.3333333432674408,"z":0.3333333432674408},"outWeight":{"x":0.3333333432674408,"y":0.3333333432674408,"z":0.3333333432674408}}],"m_PreInfinity":2,"m_PostInfinity":2,"m_RotationOrder":4},"path":""}],"m_ScaleCurves":[{"curve":{"serializedVersion":"2","m_Curve":[{"serializedVersion":"3","time":0.0,"value":{"x":1.0,"y":1.0,"z":1.0},"inSlope":{"x":0.0,"y":0.0,"z":0.0},"outSlope":{"x":0.0,"y":0.0,"z":0.0},"tangentMode":0,"weightedMode":0,"inWeight":{"x":0.3333333432674408,"y":0.3333333432674408,"z":0.3333333432674408},"outWeight":{"x":0.3333333432674408,"y":0.3333333432674408,"z":0.3333333432674408}},{"serializedVersion":"3","time":8.0,"value":{"x":1.0,"y":1.0,"z":1.0},"inSlope":{"x":0.0,"y":0.0,"z":0.0},"outSlope":{"x":0.0,"y":0.0,"z":0.0},"tangentMode":0,"weightedMode":0,"inWeight":{"x":0.3333333432674408,"y":0.3333333432674408,"z":0.3333333432674408},"outWeight":{"x":0.3333333432674408,"y":0.3333333432674408,"z":0.3333333432674408}}],"m_PreInfinity":2,"m_PostInfinity":2,"m_RotationOrder":4},"path":""}],"m_FloatCurves":[],"m_PPtrCurves":[],"m_SampleRate":25.0,"m_WrapMode":0,"m_Bounds":{"m_Center":{"x":0.0,"y":0.0,"z":0.0},"m_Extent":{"x":0.0,"y":0.0,"z":0.0}},"m_ClipBindingConstant":{"genericBindings":[{"serializedVersion":"2","path":0,"attribute":1,"script":{"instanceID":0},"typeID":4,"customType":0,"isPPtrCurve":0},{"serializedVersion":"2","path":0,"attribute":2,"script":{"instanceID":0},"typeID":4,"customType":0,"isPPtrCurve":0},{"serializedVersion":"2","path":0,"attribute":3,"script":{"instanceID":0},"typeID":4,"customType":0,"isPPtrCurve":0}],"pptrCurveMapping":[]},"m_AnimationClipSettings":{"serializedVersion":"2","m_AdditiveReferencePoseClip":{"instanceID":0},"m_AdditiveReferencePoseTime":0.0,"m_StartTime":0.0,"m_StopTime":8.0,"m_OrientationOffsetY":0.0,"m_Level":0.0,"m_CycleOffset":0.0,"m_HasAdditiveReferencePose":false,"m_LoopTime":false,"m_LoopBlend":false,"m_LoopBlendOrientation":false,"m_LoopBlendPositionY":false,"m_LoopBlendPositionXZ":false,"m_KeepOriginalOrientation":false,"m_KeepOriginalPositionY":true,"m_KeepOriginalPositionXZ":false,"m_HeightFromFeet":false,"m_Mirror":false},"m_EditorCurves":[{"curve":{"serializedVersion":"2","m_Curve":[{"serializedVersion":"3","time":0.0,"value":24.893260955810548,"inSlope":-0.32354736328125,"outSlope":-0.32354736328125,"tangentMode":0,"weightedMode":0,"inWeight":0.3333333432674408,"outWeight":0.3333333432674408},{"serializedVersion":"3","time":1.9600000381469727,"value":24.259130477905275,"inSlope":-0.32348567247390749,"outSlope":-0.3235476613044739,"tangentMode":0,"weightedMode":0,"inWeight":0.3333333432674408,"outWeight":0.3333333432674408},{"serializedVersion":"3","time":3.9200000762939455,"value":23.624996185302736,"inSlope":-0.3235476613044739,"outSlope":-0.3234866261482239,"tangentMode":0,"weightedMode":0,"inWeight":0.3333333432674408,"outWeight":0.3333333432674408},{"serializedVersion":"3","time":5.880000114440918,"value":22.99086570739746,"inSlope":-0.3235476613044739,"outSlope":-0.3235476613044739,"tangentMode":0,"weightedMode":0,"inWeight":0.3333333432674408,"outWeight":0.3333333432674408},{"serializedVersion":"3","time":7.840000152587891,"value":22.356735229492189,"inSlope":-0.3235476613044739,"outSlope":-0.3235476613044739,"tangentMode":0,"weightedMode":0,"inWeight":0.3333333432674408,"outWeight":0.3333333432674408},{"serializedVersion":"3","time":8.0,"value":22.304969787597658,"inSlope":-0.3235476613044739,"outSlope":-0.3235476613044739,"tangentMode":0,"weightedMode":0,"inWeight":0.3333333432674408,"outWeight":0.3333333432674408}],"m_PreInfinity":2,"m_PostInfinity":2,"m_RotationOrder":4},"attribute":"m_LocalPosition.x","path":"","classID":4,"script":{"instanceID":0}},{"curve":{"serializedVersion":"2","m_Curve":[{"serializedVersion":"3","time":0.0,"value":1.1423643827438355,