{"AnimationClip":{"m_Name":"5_1","serializedVersion":"6","m_Legacy":false,"m_Compressed":false,"m_UseHighQualityCurve":true,"m_RotationCurves":[{"curve":{"serializedVersion":"2","m_Curve":[{"serializedVersion":"3","time":0.0,"value":{"x":0.050548505038022998,"y":-0.861247718334198,"z":0.08740993589162827,"w":0.4980529844760895},"inSlope":{"x":0.0,"y":0.0,"z":0.0,"w":0.0},"outSlope":{"x":-0.0024917630944401027,"y":-0.01246831938624382,"z":0.000737455440685153,"w":-0.02145463228225708},"tangentMode":0,"weightedMode":0,"inWeight":{"x":0.3333333432674408,"y":0.3333333432674408,"z":0.3333333432674408,"w":0.3333333432674408},"outWeight":{"x":0.3333333432674408,"y":0.3333333432674408,"z":0.3333333432674408,"w":0.3333333432674408}},{"serializedVersion":"3","time":1.959999918937683,"value":{"x":0.04567158222198486,"y":-0.8846669793128967,"z":0.08871836215257645,"w":0.45542019605636599},"inSlope":{"x":-0.0025012665428221227,"y":-0.011434361338615418,"z":0.0006044093752279878,"w":-0.022047637030482293},"outSlope":{"x":-0.00250339531339705,"y":-0.011384488083422184,"z":0.000603497086558491,"w":-0.022068621590733529},"tangentMode":0,"weightedMode":0,"inWeight":{"x":0.3333333432674408,"y":0.3333333432674408,"z":0.3333333432674408,"w":0.3333333432674408},"outWeight":{"x":0.3333333432674408,"y":0.3333333432674408,"z":0.3333333432674408,"w":0.3333333432674408}},{"serializedVersion":"3","time":3.9599997997283937,"value":{"x":0.04068923741579056,"y":-0.9063883423805237,"z":0.08977998048067093,"w":0.4107847809791565},"inSlope":{"x":-0.002495944732800126,"y":-0.010281802155077458,"z":0.0004656613164115697,"w":-0.0225603599101305},"outSlope":{"x":-0.002500242320820689,"y":-0.010316186584532261,"z":0.0004656611999962479,"w":-0.02263829857110977},"tangentMode":0,"weightedMode":0,"inWeight":{"x":0.3333333432674408,"y":0.3333333432674408,"z":0.3333333432674408,"w":0.3333333432674408},"outWeight":{"x":0.3333333432674408,"y":0.3333333432674408,"z":0.3333333432674408,"w":0.3333333432674408}},{"serializedVersion":"3","time":5.0,"value":{"x":0.03810100629925728,"y":-0.9167968034744263,"z":0.09022371470928192,"w":0.38715851306915285},"inSlope":{"x":-0.0024930783547461035,"y":-0.009743064641952515,"z":0.0003940210153814405,"w":-0.02289620228111744},"outSlope":{"x":0.0,"y":0.0,"z":0.0,"w":0.0},"tangentMode":0,"weightedMode":0,"inWeight":{"x":0.3333333432674408,"y":0.3333333432674408,"z":0.3333333432674408,"w":0.3333333432674408},"outWeight":{"x":0.3333333432674408,"y":0.3333333432674408,"z":0.3333333432674408,"w":0.3333333432674408}}],"m_PreInfinity":2,"m_PostInfinity":2,"m_RotationOrder":4},"path":""}],"m_CompressedRotationCurves":[],"m_EulerCurves":[],"m_PositionCurves":[{"curve":{"serializedVersion":"2","m_Curve":[{"serializedVersion":"3","time":0.0,"value":{"x":-12.663169860839844,"y":2.749689817428589,"z":0.2879999876022339},"inSlope":{"x":-0.9007568359375,"y":-0.08612823486328125,"z":0.723292350769043},"outSlope":{"x":-0.9007568359375,"y":-0.08612823486328125,"z":0.723292350769043},"tangentMode":0,"weightedMode":0,"inWeight":{"x":0.3333333432674408,"y":0.3333333432674408,"z":0.3333333432674408},"outWeight":{"x":0.3333333432674408,"y":0.3333333432674408,"z":0.3333333432674408}},{"serializedVersion":"3","time":1.9600000381469727,"value":{"x":-14.428671836853028,"y":2.580871105194092,"z":1.7056522369384766},"inSlope":{"x":-0.900785505771637,"y":-0.08613569289445877,"z":0.72329181432724},"outSlope":{"x":-0.9007576704025269,"y":-0.08612831681966782,"z":0.7232939600944519},"tangentMode":0,"weightedMode":0,"inWeight":{"x":0.3333333432674408,"y":0.3333333432674408,"z":0.3333333432674408},"outWeight":{"x":0.3333333432674408,"y":0.3333333432674408,"z":0.3333333432674408}},{"serializedVersion":"3","time":3.9200000762939455,"value":{"x":-16.194171905517579,"y":2.412052631378174,"z":3.123304605484009},"inSlope":{"x":-0.9007576704025269,"y":-0.08613213151693344,"z":0.7232977747917175},"outSlope":{"x":-0.9007881879806519,"y":-0.08613213151693344,"z":0.7232901453971863},"tangentMode":0,"weightedMode":0,"inWeight":{"x":0.3333333432674408,"y":0.3333333432674408,"z":0.3333333432674408},"outWeight":{"x":0.3333333432674408,"y":0.3333333432674408,"z":0.3333333432674408}},{"serializedVersion":"3","time":5.0,"value":{"x":-17.16699981689453,"y":2.3190300464630129,"z":3.9044599533081056},"inSlope":{"x":-0.9007576704025269,"y":-0.08613213151693344,"z":0.7232977747917175},"outSlope":{"x":-0.9007576704025269,"y":-0.08613213151693344,"z":0.7232977747917175},"tangentMode":0,"weightedMode":0,"inWeight":{"x":0.3333333432674408,"y":0.3333333432674408,"z":0.3333333432674408},"outWeight":{"x":0.3333333432674408,"y":0.3333333432674408,"z":0.3333333432674408}}],"m_PreInfinity":2,"m_PostInfinity":2,"m_RotationOrder":4},"path":""}],"m_ScaleCurves":[{"curve":{"serializedVersion":"2","m_Curve":[{"serializedVersion":"3","time":0.0,"value":{"x":1.0,"y":1.0,"z":1.0},"inSlope":{"x":0.0,"y":0.0,"z":0.0},"outSlope":{"x":0.0,"y":0.0,"z":0.0},"tangentMode":0,"weightedMode":0,"inWeight":{"x":0.3333333432674408,"y":0.3333333432674408,"z":0.3333333432674408},"outWeight":{"x":0.3333333432674408,"y":0.3333333432674408,"z":0.3333333432674408}},{"serializedVersion":"3","time":5.0,"value":{"x":1.0,"y":1.0,"z":1.0},"inSlope":{"x":0.0,"y":0.0,"z":0.0},"outSlope":{"x":0.0,"y":0.0,"z":0.0},"tangentMode":0,"weightedMode":0,"inWeight":{"x":0.3333333432674408,"y":0.3333333432674408,"z":0.3333333432674408},"outWeight":{"x":0.3333333432674408,"y":0.3333333432674408,"z":0.3333333432674408}}],"m_PreInfinity":2,"m_PostInfinity":2,"m_RotationOrder":4},"path":""}],"m_FloatCurves":[],"m_PPtrCurves":[],"m_SampleRate":25.0,"m_WrapMode":0,"m_Bounds":{"m_Center":{"x":0.0,"y":0.0,"z":0.0},"m_Extent":{"x":0.0,"y":0.0,"z":0.0}},"m_ClipBindingConstant":{"genericBindings":[{"serializedVersion":"2","path":0,"attribute":1,"script":{"instanceID":0},"typeID":4,"customType":0,"isPPtrCurve":0},{"serializedVersion":"2","path":0,"attribute":2,"script":{"instanceID":0},"typeID":4,"customType":0,"isPPtrCurve":0},{"serializedVersion":"2","path":0,"attribute":3,"script":{"instanceID":0},"typeID":4,"customType":0,"isPPtrCurve":0}],"pptrCurveMapping":[]},"m_AnimationClipSettings":{"serializedVersion":"2","m_AdditiveReferencePoseClip":{"instanceID":0},"m_AdditiveReferencePoseTime":0.0,"m_StartTime":0.0,"m_StopTime":5.0,"m_OrientationOffsetY":0.0,"m_Level":0.0,"m_CycleOffset":0.0,"m_HasAdditiveReferencePose":false,"m_LoopTime":false,"m_LoopBlend":false,"m_LoopBlendOrientation":false,"m_LoopBlendPositionY":false,"m_LoopBlendPositionXZ":false,"m_KeepOriginalOrientation":false,"m_KeepOriginalPositionY":true,"m_KeepOriginalPositionXZ":false,"m_HeightFromFeet":false,"m_Mirror":false},"m_EditorCurves":[{"curve":{"serializedVersion":"2","m_Curve":[{"serializedVersion":"3","time":0.0,"value":-12.663169860839844,"inSlope":-0.9007568359375,"outSlope":-0.9007568359375,"tangentMode":0,"weightedMode":0,"inWeight":0.3333333432674408,"outWeight":0.3333333432674408},{"serializedVersion":"3","time":1.9600000381469727,"value":-14.428671836853028,"inSlope":-0.900785505771637,"outSlope":-0.9007576704025269,"tangentMode":0,"weightedMode":0,"inWeight":0.3333333432674408,"outWeight":0.3333333432674408},{"serializedVersion":"3","time":3.9200000762939455,"value":-16.194171905517579,"inSlope":-0.9007576704025269,"outSlope":-0.9007881879806519,"tangentMode":0,"weightedMode":0,"inWeight":0.3333333432674408,"outWeight":0.3333333432674408},{"serializedVersion":"3","time":5.0,"value":-17.16699981689453,"inSlope":-0.9007576704025269,"outSlope":-0.9007576704025269,"tangentMode":0,"weightedMode":0,"inWeight":0.3333333432674408,"outWeight":0.3333333432674408}],"m_PreInfinity":2,"m_PostInfinity":2,"m_RotationOrder":4},"attribute":"m_LocalPosition.x","path":"","classID":4,"script":{"instanceID":0}},{"curve":{"serializedVersion":"2","m_Curve":[{"serializedVersion":"3","time":0.0,"value":2.749689817428589,"inSlope":-0.08612823486328125,"outSlope":-0.08612823486328125,"tangentMode":0,"weightedMode":0,