{"AnimationClip":{"m_Name":"8_3","serializedVersion":"6","m_Legacy":false,"m_Compressed":false,"m_UseHighQualityCurve":true,"m_RotationCurves":[{"curve":{"serializedVersion":"2","m_Curve":[{"serializedVersion":"3","time":0.0,"value":{"x":0.18359771370887757,"y":-0.7773477435112,"z":0.26395583152770998,"w":0.5406937003135681},"inSlope":{"x":0.0,"y":0.0,"z":0.0,"w":0.0},"outSlope":{"x":0.0,"y":0.0,"z":0.0,"w":0.0},"tangentMode":0,"weightedMode":0,"inWeight":{"x":0.3333333432674408,"y":0.3333333432674408,"z":0.3333333432674408,"w":0.3333333432674408},"outWeight":{"x":0.3333333432674408,"y":0.3333333432674408,"z":0.3333333432674408,"w":0.3333333432674408}},{"serializedVersion":"3","time":6.0,"value":{"x":0.18359771370887757,"y":-0.7773477435112,"z":0.26395583152770998,"w":0.5406937003135681},"inSlope":{"x":0.0,"y":0.0,"z":0.0,"w":0.0},"outSlope":{"x":0.0,"y":0.0,"z":0.0,"w":0.0},"tangentMode":0,"weightedMode":0,"inWeight":{"x":0.3333333432674408,"y":0.3333333432674408,"z":0.3333333432674408,"w":0.3333333432674408},"outWeight":{"x":0.3333333432674408,"y":0.3333333432674408,"z":0.3333333432674408,"w":0.3333333432674408}}],"m_PreInfinity":2,"m_PostInfinity":2,"m_RotationOrder":4},"path":""}],"m_CompressedRotationCurves":[],"m_EulerCurves":[],"m_PositionCurves":[{"curve":{"serializedVersion":"2","m_Curve":[{"serializedVersion":"3","time":0.0,"value":{"x":41.46015930175781,"y":33.4611701965332,"z":17.844758987426759},"inSlope":{"x":-2.291259765625,"y":-1.87591552734375,"z":-0.85015869140625},"outSlope":{"x":-2.291259765625,"y":-1.87591552734375,"z":-0.85015869140625},"tangentMode":0,"weightedMode":0,"inWeight":{"x":0.3333333432674408,"y":0.3333333432674408,"z":0.3333333432674408},"outWeight":{"x":0.3333333432674408,"y":0.3333333432674408,"z":0.3333333432674408}},{"serializedVersion":"3","time":1.9600000381469727,"value":{"x":36.969459533691409,"y":29.784320831298829,"z":16.178434371948243},"inSlope":{"x":-2.291194200515747,"y":-1.8759117126464844,"z":-0.8501569032669067},"outSlope":{"x":-2.291200876235962,"y":-1.8759783506393433,"z":-0.8501900434494019},"tangentMode":0,"weightedMode":0,"inWeight":{"x":0.3333333432674408,"y":0.3333333432674408,"z":0.3333333432674408},"outWeight":{"x":0.3333333432674408,"y":0.3333333432674408,"z":0.3333333432674408}},{"serializedVersion":"3","time":3.9200000762939455,"value":{"x":32.478759765625,"y":26.107473373413087,"z":14.512106895446778},"inSlope":{"x":-2.291200876235962,"y":-1.8759173154830933,"z":-0.8501595258712769},"outSlope":{"x":-2.291139841079712,"y":-1.8759783506393433,"z":-0.8501595258712769},"tangentMode":0,"weightedMode":0,"inWeight":{"x":0.3333333432674408,"y":0.3333333432674408,"z":0.3333333432674408},"outWeight":{"x":0.3333333432674408,"y":0.3333333432674408,"z":0.3333333432674408}},{"serializedVersion":"3","time":5.880000114440918,"value":{"x":27.988059997558595,"y":22.430622100830079,"z":12.845779418945313},"inSlope":{"x":-2.291139841079712,"y":-1.8759783506393433,"z":-0.8501595258712769},"outSlope":{"x":-2.291200876235962,"y":-1.8759173154830933,"z":-0.8501595258712769},"tangentMode":0,"weightedMode":0,"inWeight":{"x":0.3333333432674408,"y":0.3333333432674408,"z":0.3333333432674408},"outWeight":{"x":0.3333333432674408,"y":0.3333333432674408,"z":0.3333333432674408}},{"serializedVersion":"3","time":6.0,"value":{"x":27.713119506835939,"y":22.205509185791017,"z":12.743759155273438},"inSlope":{"x":-2.291200876235962,"y":-1.8759173154830933,"z":-0.8501595258712769},"outSlope":{"x":-2.291200876235962,"y":-1.8759173154830933,"z":-0.8501595258712769},"tangentMode":0,"weightedMode":0,"inWeight":{"x":0.3333333432674408,"y":0.3333333432674408,"z":0.3333333432674408},"outWeight":{"x":0.3333333432674408,"y":0.3333333432674408,"z":0.3333333432674408}}],"m_PreInfinity":2,"m_PostInfinity":2,"m_RotationOrder":4},"path":""}],"m_ScaleCurves":[{"curve":{"serializedVersion":"2","m_Curve":[{"serializedVersion":"3","time":0.0,"value":{"x":1.0,"y":1.0,"z":1.0},"inSlope":{"x":0.0,"y":0.0,"z":0.0},"outSlope":{"x":0.0,"y":0.0,"z":0.0},"tangentMode":0,"weightedMode":0,"inWeight":{"x":0.3333333432674408,"y":0.3333333432674408,"z":0.3333333432674408},"outWeight":{"x":0.3333333432674408,"y":0.3333333432674408,"z":0.3333333432674408}},{"serializedVersion":"3","time":6.0,"value":{"x":1.0,"y":1.0,"z":1.0},"inSlope":{"x":0.0,"y":0.0,"z":0.0},"outSlope":{"x":0.0,"y":0.0,"z":0.0},"tangentMode":0,"weightedMode":0,"inWeight":{"x":0.3333333432674408,"y":0.3333333432674408,"z":0.3333333432674408},"outWeight":{"x":0.3333333432674408,"y":0.3333333432674408,"z":0.3333333432674408}}],"m_PreInfinity":2,"m_PostInfinity":2,"m_RotationOrder":4},"path":""}],"m_FloatCurves":[],"m_PPtrCurves":[],"m_SampleRate":25.0,"m_WrapMode":0,"m_Bounds":{"m_Center":{"x":0.0,"y":0.0,"z":0.0},"m_Extent":{"x":0.0,"y":0.0,"z":0.0}},"m_ClipBindingConstant":{"genericBindings":[{"serializedVersion":"2","path":0,"attribute":1,"script":{"instanceID":0},"typeID":4,"customType":0,"isPPtrCurve":0},{"serializedVersion":"2","path":0,"attribute":2,"script":{"instanceID":0},"typeID":4,"customType":0,"isPPtrCurve":0},{"serializedVersion":"2","path":0,"attribute":3,"script":{"instanceID":0},"typeID":4,"customType":0,"isPPtrCurve":0}],"pptrCurveMapping":[]},"m_AnimationClipSettings":{"serializedVersion":"2","m_AdditiveReferencePoseClip":{"instanceID":0},"m_AdditiveReferencePoseTime":0.0,"m_StartTime":0.0,"m_StopTime":6.0,"m_OrientationOffsetY":0.0,"m_Level":0.0,"m_CycleOffset":0.0,"m_HasAdditiveReferencePose":false,"m_LoopTime":false,"m_LoopBlend":false,"m_LoopBlendOrientation":false,"m_LoopBlendPositionY":false,"m_LoopBlendPositionXZ":false,"m_KeepOriginalOrientation":false,"m_KeepOriginalPositionY":true,"m_KeepOriginalPositionXZ":false,"m_HeightFromFeet":false,"m_Mirror":false},"m_EditorCurves":[{"curve":{"serializedVersion":"2","m_Curve":[{"serializedVersion":"3","time":0.0,"value":41.46015930175781,"inSlope":-2.291259765625,"outSlope":-2.291259765625,"tangentMode":0,"weightedMode":0,"inWeight":0.3333333432674408,"outWeight":0.3333333432674408},{"serializedVersion":"3","time":1.9600000381469727,"value":36.969459533691409,"inSlope":-2.291194200515747,"outSlope":-2.291200876235962,"tangentMode":0,"weightedMode":0,"inWeight":0.3333333432674408,"outWeight":0.3333333432674408},{"serializedVersion":"3","time":3.9200000762939455,"value":32.478759765625,"inSlope":-2.291200876235962,"outSlope":-2.291139841079712,"tangentMode":0,"weightedMode":0,"inWeight":0.3333333432674408,"outWeight":0.3333333432674408},{"serializedVersion":"3","time":5.880000114440918,"value":27.988059997558595,"inSlope":-2.291139841079712,"outSlope":-2.291200876235962,"tangentMode":0,"weightedMode":0,"inWeight":0.3333333432674408,"outWeight":0.3333333432674408},{"serializedVersion":"3","time":6.0,"value":27.713119506835939,"inSlope":-2.291200876235962,"outSlope":-2.291200876235962,"tangentMode":0,"weightedMode":0,"inWeight":0.3333333432674408,"outWeight":0.3333333432674408}],"m_PreInfinity":2,"m_PostInfinity":2,"m_RotationOrder":4},"attribute":"m_LocalPosition.x","path":"","classID":4,"script":{"instanceID":0}},{"curve":{"serializedVersion":"2","m_Curve":[{"serializedVersion":"3","time":0.0,"value":33.4611701965332,"inSlope":-1.87591552734375,"outSlope":-1.87591552734375,"tangentMode":0,"weightedMode":0,"inWeight":0.3333333432674408,"outWeight":0.3333333432674408},{"serializedVersion":"3","time":1.9600000381469727,"value":29.784320831298829,"inSlope":-1.8759117126464844,"outSlope":-1.8759783506393433,"tangentMode":0,"weightedMode":0,"inWeight":0.3333333432674408,"outWeight":0.3333333432674408},{"serializedVersion":"3","time":3.9200000762939455,"value":26.107473373413087,"inSlope":-1.8759173154830933,"outSlope":-1.8759783506393433,"tangentMode":0,"weightedMode":0,"inWeight":0.3333333432674408,"outWeight":0.3333333432674408},{"serializedVersion":"3","time":5.880000114440918,"value":22.430622100830079,"inSlope":-1.8759783506393433,"outSlope":-1.8759173154830933,"tangentMode":0,"weightedMode":0,"inWeight":0.3333333432674408,