{"AnimationClip":{"m_Name":"9_2","serializedVersion":"6","m_Legacy":false,"m_Compressed":false,"m_UseHighQualityCurve":true,"m_RotationCurves":[{"curve":{"serializedVersion":"2","m_Curve":[{"serializedVersion":"3","time":0.0,"value":{"x":0.14747664332389832,"y":-0.8506690859794617,"z":0.3250649869441986,"w":0.3859345614910126},"inSlope":{"x":0.0,"y":0.0,"z":0.0,"w":0.0},"outSlope":{"x":0.0,"y":0.0,"z":0.0,"w":0.0},"tangentMode":0,"weightedMode":0,"inWeight":{"x":0.3333333432674408,"y":0.3333333432674408,"z":0.3333333432674408,"w":0.3333333432674408},"outWeight":{"x":0.3333333432674408,"y":0.3333333432674408,"z":0.3333333432674408,"w":0.3333333432674408}},{"serializedVersion":"3","time":6.0,"value":{"x":0.14747664332389832,"y":-0.8506690859794617,"z":0.3250649869441986,"w":0.3859345614910126},"inSlope":{"x":0.0,"y":0.0,"z":0.0,"w":0.0},"outSlope":{"x":0.0,"y":0.0,"z":0.0,"w":0.0},"tangentMode":0,"weightedMode":0,"inWeight":{"x":0.3333333432674408,"y":0.3333333432674408,"z":0.3333333432674408,"w":0.3333333432674408},"outWeight":{"x":0.3333333432674408,"y":0.3333333432674408,"z":0.3333333432674408,"w":0.3333333432674408}}],"m_PreInfinity":2,"m_PostInfinity":2,"m_RotationOrder":4},"path":""}],"m_CompressedRotationCurves":[],"m_EulerCurves":[],"m_PositionCurves":[{"curve":{"serializedVersion":"2","m_Curve":[{"serializedVersion":"3","time":0.0,"value":{"x":48.21213912963867,"y":53.26823043823242,"z":30.229999542236329},"inSlope":{"x":-1.6810302734375,"y":-1.9993896484375,"z":-1.47137451171875},"outSlope":{"x":-1.6810302734375,"y":-1.9993896484375,"z":-1.47137451171875},"tangentMode":0,"weightedMode":0,"inWeight":{"x":0.3333333432674408,"y":0.3333333432674408,"z":0.3333333432674408},"outWeight":{"x":0.3333333432674408,"y":0.3333333432674408,"z":0.3333333432674408}},{"serializedVersion":"3","time":1.9600000381469727,"value":{"x":44.91714859008789,"y":49.349456787109378,"z":27.34606170654297},"inSlope":{"x":-1.6811490058898926,"y":-1.9993854761123658,"z":-1.4714324474334717},"outSlope":{"x":-1.6811540126800538,"y":-1.9993914365768433,"z":-1.471375823020935},"tangentMode":0,"weightedMode":0,"inWeight":{"x":0.3333333432674408,"y":0.3333333432674408,"z":0.3333333432674408},"outWeight":{"x":0.3333333432674408,"y":0.3333333432674408,"z":0.3333333432674408}},{"serializedVersion":"3","time":3.9200000762939455,"value":{"x":41.62215805053711,"y":45.430686950683597,"z":24.46212387084961},"inSlope":{"x":-1.6810319423675538,"y":-1.9992693662643433,"z":-1.471436858177185},"outSlope":{"x":-1.6811540126800538,"y":-1.9993914365768433,"z":-1.471375823020935},"tangentMode":0,"weightedMode":0,"inWeight":{"x":0.3333333432674408,"y":0.3333333432674408,"z":0.3333333432674408},"outWeight":{"x":0.3333333432674408,"y":0.3333333432674408,"z":0.3333333432674408}},{"serializedVersion":"3","time":5.880000114440918,"value":{"x":38.32716369628906,"y":41.51191329956055,"z":21.578187942504884},"inSlope":{"x":-1.6811540126800538,"y":-1.9993914365768433,"z":-1.471375823020935},"outSlope":{"x":-1.6810929775238038,"y":-1.9993914365768433,"z":-1.471436858177185},"tangentMode":0,"weightedMode":0,"inWeight":{"x":0.3333333432674408,"y":0.3333333432674408,"z":0.3333333432674408},"outWeight":{"x":0.3333333432674408,"y":0.3333333432674408,"z":0.3333333432674408}},{"serializedVersion":"3","time":6.0,"value":{"x":38.12542724609375,"y":41.27199172973633,"z":21.401620864868165},"inSlope":{"x":-1.6811540126800538,"y":-1.9992693662643433,"z":-1.471375823020935},"outSlope":{"x":-1.6811540126800538,"y":-1.9992693662643433,"z":-1.471375823020935},"tangentMode":0,"weightedMode":0,"inWeight":{"x":0.3333333432674408,"y":0.3333333432674408,"z":0.3333333432674408},"outWeight":{"x":0.3333333432674408,"y":0.3333333432674408,"z":0.3333333432674408}}],"m_PreInfinity":2,"m_PostInfinity":2,"m_RotationOrder":4},"path":""}],"m_ScaleCurves":[{"curve":{"serializedVersion":"2","m_Curve":[{"serializedVersion":"3","time":0.0,"value":{"x":1.0,"y":1.0,"z":1.0},"inSlope":{"x":0.0,"y":0.0,"z":0.0},"outSlope":{"x":0.0,"y":0.0,"z":0.0},"tangentMode":0,"weightedMode":0,"inWeight":{"x":0.3333333432674408,"y":0.3333333432674408,"z":0.3333333432674408},"outWeight":{"x":0.3333333432674408,"y":0.3333333432674408,"z":0.3333333432674408}},{"serializedVersion":"3","time":6.0,"value":{"x":1.0,"y":1.0,"z":1.0},"inSlope":{"x":0.0,"y":0.0,"z":0.0},"outSlope":{"x":0.0,"y":0.0,"z":0.0},"tangentMode":0,"weightedMode":0,"inWeight":{"x":0.3333333432674408,"y":0.3333333432674408,"z":0.3333333432674408},"outWeight":{"x":0.3333333432674408,"y":0.3333333432674408,"z":0.3333333432674408}}],"m_PreInfinity":2,"m_PostInfinity":2,"m_RotationOrder":4},"path":""}],"m_FloatCurves":[],"m_PPtrCurves":[],"m_SampleRate":25.0,"m_WrapMode":0,"m_Bounds":{"m_Center":{"x":0.0,"y":0.0,"z":0.0},"m_Extent":{"x":0.0,"y":0.0,"z":0.0}},"m_ClipBindingConstant":{"genericBindings":[{"serializedVersion":"2","path":0,"attribute":1,"script":{"instanceID":0},"typeID":4,"customType":0,"isPPtrCurve":0},{"serializedVersion":"2","path":0,"attribute":2,"script":{"instanceID":0},"typeID":4,"customType":0,"isPPtrCurve":0},{"serializedVersion":"2","path":0,"attribute":3,"script":{"instanceID":0},"typeID":4,"customType":0,"isPPtrCurve":0}],"pptrCurveMapping":[]},"m_AnimationClipSettings":{"serializedVersion":"2","m_AdditiveReferencePoseClip":{"instanceID":0},"m_AdditiveReferencePoseTime":0.0,"m_StartTime":0.0,"m_StopTime":6.0,"m_OrientationOffsetY":0.0,"m_Level":0.0,"m_CycleOffset":0.0,"m_HasAdditiveReferencePose":false,"m_LoopTime":false,"m_LoopBlend":false,"m_LoopBlendOrientation":false,"m_LoopBlendPositionY":false,"m_LoopBlendPositionXZ":false,"m_KeepOriginalOrientation":false,"m_KeepOriginalPositionY":true,"m_KeepOriginalPositionXZ":false,"m_HeightFromFeet":false,"m_Mirror":false},"m_EditorCurves":[{"curve":{"serializedVersion":"2","m_Curve":[{"serializedVersion":"3","time":0.0,"value":48.21213912963867,"inSlope":-1.6810302734375,"outSlope":-1.6810302734375,"tangentMode":0,"weightedMode":0,"inWeight":0.3333333432674408,"outWeight":0.3333333432674408},{"serializedVersion":"3","time":1.9600000381469727,"value":44.91714859008789,"inSlope":-1.6811490058898926,"outSlope":-1.6811540126800538,"tangentMode":0,"weightedMode":0,"inWeight":0.3333333432674408,"outWeight":0.3333333432674408},{"serializedVersion":"3","time":3.9200000762939455,"value":41.62215805053711,"inSlope":-1.6810319423675538,"outSlope":-1.6811540126800538,"tangentMode":0,"weightedMode":0,"inWeight":0.3333333432674408,"outWeight":0.3333333432674408},{"serializedVersion":"3","time":5.880000114440918,"value":38.32716369628906,"inSlope":-1.6811540126800538,"outSlope":-1.6810929775238038,"tangentMode":0,"weightedMode":0,"inWeight":0.3333333432674408,"outWeight":0.3333333432674408},{"serializedVersion":"3","time":6.0,"value":38.12542724609375,"inSlope":-1.6811540126800538,"outSlope":-1.6811540126800538,"tangentMode":0,"weightedMode":0,"inWeight":0.3333333432674408,"outWeight":0.3333333432674408}],"m_PreInfinity":2,"m_PostInfinity":2,"m_RotationOrder":4},"attribute":"m_LocalPosition.x","path":"","classID":4,"script":{"instanceID":0}},{"curve":{"serializedVersion":"2","m_Curve":[{"serializedVersion":"3","time":0.0,"value":53.26823043823242,"inSlope":-1.9993896484375,"outSlope":-1.9993896484375,"tangentMode":0,"weightedMode":0,"inWeight":0.3333333432674408,"outWeight":0.3333333432674408},{"serializedVersion":"3","time":1.9600000381469727,"value":49.349456787109378,"inSlope":-1.9993854761123658,"outSlope":-1.9993914365768433,"tangentMode":0,"weightedMode":0,"inWeight":0.3333333432674408,"outWeight":0.3333333432674408},{"serializedVersion":"3","time":3.9200000762939455,"value":45.430686950683597,"inSlope":-1.9992693662643433,"outSlope":-1.9993914365768433,"tangentMode":0,"weightedMode":0,"inWeight":0.3333333432674408,"outWeight":0.3333333432674408},{"serializedVersion":"3","time":5.880000114440918,"value":41.51191329956055,"inSlope":-1.9993914365768433,"outSlope":-1.9993914365768433,"tangentMode":0,"weightedMode":0,