{"AnimationClip":{"m_Name":"CINEMA_4D___2","serializedVersion":"6","m_Legacy":false,"m_Compressed":false,"m_UseHighQualityCurve":true,"m_RotationCurves":[{"curve":{"serializedVersion":"2","m_Curve":[{"serializedVersion":"3","time":0.0,"value":{"x":-1.1520232590100932e-7,"y":-0.7071067094802856,"z":0.7071068286895752,"w":-1.152023116901546e-7},"inSlope":{"x":0.0,"y":0.0,"z":0.0,"w":0.0},"outSlope":{"x":0.0,"y":0.0,"z":0.0,"w":0.0},"tangentMode":0,"weightedMode":0,"inWeight":{"x":0.3333333432674408,"y":0.3333333432674408,"z":0.3333333432674408,"w":0.3333333432674408},"outWeight":{"x":0.3333333432674408,"y":0.3333333432674408,"z":0.3333333432674408,"w":0.3333333432674408}},{"serializedVersion":"3","time":5.000000476837158,"value":{"x":-1.1520232590100932e-7,"y":-0.7071067094802856,"z":0.7071068286895752,"w":-1.152023116901546e-7},"inSlope":{"x":0.0,"y":0.0,"z":0.0,"w":0.0},"outSlope":{"x":0.0,"y":0.0,"z":0.0,"w":0.0},"tangentMode":0,"weightedMode":0,"inWeight":{"x":0.3333333432674408,"y":0.3333333432674408,"z":0.3333333432674408,"w":0.3333333432674408},"outWeight":{"x":0.3333333432674408,"y":0.3333333432674408,"z":0.3333333432674408,"w":0.3333333432674408}}],"m_PreInfinity":2,"m_PostInfinity":2,"m_RotationOrder":4},"path":""}],"m_CompressedRotationCurves":[],"m_EulerCurves":[],"m_PositionCurves":[{"curve":{"serializedVersion":"2","m_Curve":[{"serializedVersion":"3","time":0.0,"value":{"x":6.274911403656006,"y":218.1070098876953,"z":-3.8782970905303957},"inSlope":{"x":0.0,"y":-10.890820503234864,"z":0.0},"outSlope":{"x":0.0,"y":-10.890820503234864,"z":0.0},"tangentMode":0,"weightedMode":0,"inWeight":{"x":0.3333333432674408,"y":0.3333333432674408,"z":0.3333333432674408},"outWeight":{"x":0.3333333432674408,"y":0.3333333432674408,"z":0.3333333432674408}},{"serializedVersion":"3","time":1.6666666269302369,"value":{"x":6.274911403656006,"y":199.47669982910157,"z":-3.8782970905303957},"inSlope":{"x":0.0,"y":-11.43751049041748,"z":0.0},"outSlope":{"x":0.0,"y":-11.452117919921875,"z":0.0},"tangentMode":0,"weightedMode":0,"inWeight":{"x":0.3333333432674408,"y":0.3333333432674408,"z":0.3333333432674408},"outWeight":{"x":0.3333333432674408,"y":0.3333333432674408,"z":0.3333333432674408}},{"serializedVersion":"3","time":3.3333332538604738,"value":{"x":6.274911403656006,"y":179.727783203125,"z":-3.8782970905303957},"inSlope":{"x":0.0,"y":-12.418957710266114,"z":0.0},"outSlope":{"x":0.0,"y":-12.45235538482666,"z":0.0},"tangentMode":0,"weightedMode":0,"inWeight":{"x":0.3333333432674408,"y":0.3333333432674408,"z":0.3333333432674408},"outWeight":{"x":0.3333333432674408,"y":0.3333333432674408,"z":0.3333333432674408}},{"serializedVersion":"3","time":4.633333206176758,"value":{"x":6.274911403656006,"y":160.98379516601563,"z":-3.8782970905303957},"inSlope":{"x":0.0,"y":-23.304513931274415,"z":0.0},"outSlope":{"x":0.0,"y":-32.056087493896487,"z":0.0},"tangentMode":0,"weightedMode":0,"inWeight":{"x":0.3333333432674408,"y":0.3333333432674408,"z":0.3333333432674408},"outWeight":{"x":0.3333333432674408,"y":0.3333333432674408,"z":0.3333333432674408}},{"serializedVersion":"3","time":5.0,"value":{"x":6.274911403656006,"y":132.68731689453126,"z":-3.8782970905303957},"inSlope":{"x":0.0,"y":-123.30099487304688,"z":0.0},"outSlope":{"x":0.0,"y":-123.30099487304688,"z":0.0},"tangentMode":0,"weightedMode":0,"inWeight":{"x":0.3333333432674408,"y":0.3333333432674408,"z":0.3333333432674408},"outWeight":{"x":0.3333333432674408,"y":0.3333333432674408,"z":0.3333333432674408}}],"m_PreInfinity":2,"m_PostInfinity":2,"m_RotationOrder":4},"path":""}],"m_ScaleCurves":[{"curve":{"serializedVersion":"2","m_Curve":[{"serializedVersion":"3","time":0.0,"value":{"x":1.0,"y":1.0,"z":1.0},"inSlope":{"x":0.0,"y":0.0,"z":0.0},"outSlope":{"x":0.0,"y":0.0,"z":0.0},"tangentMode":0,"weightedMode":0,"inWeight":{"x":0.3333333432674408,"y":0.3333333432674408,"z":0.3333333432674408},"outWeight":{"x":0.3333333432674408,"y":0.3333333432674408,"z":0.3333333432674408}},{"serializedVersion":"3","time":5.000000476837158,"value":{"x":1.0,"y":1.0,"z":1.0},"inSlope":{"x":0.0,"y":0.0,"z":0.0},"outSlope":{"x":0.0,"y":0.0,"z":0.0},"tangentMode":0,"weightedMode":0,"inWeight":{"x":0.3333333432674408,"y":0.3333333432674408,"z":0.3333333432674408},"outWeight":{"x":0.3333333432674408,"y":0.3333333432674408,"z":0.3333333432674408}}],"m_PreInfinity":2,"m_PostInfinity":2,"m_RotationOrder":4},"path":""}],"m_FloatCurves":[],"m_PPtrCurves":[],"m_SampleRate":30.0,"m_WrapMode":0,"m_Bounds":{"m_Center":{"x":0.0,"y":0.0,"z":0.0},"m_Extent":{"x":0.0,"y":0.0,"z":0.0}},"m_ClipBindingConstant":{"genericBindings":[{"serializedVersion":"2","path":0,"attribute":1,"script":{"instanceID":0},"typeID":4,"customType":0,"isPPtrCurve":0},{"serializedVersion":"2","path":0,"attribute":2,"script":{"instanceID":0},"typeID":4,"customType":0,"isPPtrCurve":0},{"serializedVersion":"2","path":0,"attribute":3,"script":{"instanceID":0},"typeID":4,"customType":0,"isPPtrCurve":0}],"pptrCurveMapping":[]},"m_AnimationClipSettings":{"serializedVersion":"2","m_AdditiveReferencePoseClip":{"instanceID":0},"m_AdditiveReferencePoseTime":0.0,"m_StartTime":0.0,"m_StopTime":5.000000476837158,"m_OrientationOffsetY":0.0,"m_Level":0.0,"m_CycleOffset":0.0,"m_HasAdditiveReferencePose":false,"m_LoopTime":false,"m_LoopBlend":false,"m_LoopBlendOrientation":false,"m_LoopBlendPositionY":false,"m_LoopBlendPositionXZ":false,"m_KeepOriginalOrientation":false,"m_KeepOriginalPositionY":true,"m_KeepOriginalPositionXZ":false,"m_HeightFromFeet":false,"m_Mirror":false},"m_EditorCurves":[{"curve":{"serializedVersion":"2","m_Curve":[{"serializedVersion":"3","time":0.0,"value":6.274911403656006,"inSlope":0.0,"outSlope":0.0,"tangentMode":0,"weightedMode":0,"inWeight":0.3333333432674408,"outWeight":0.3333333432674408},{"serializedVersion":"3","time":1.6666666269302369,"value":6.274911403656006,"inSlope":0.0,"outSlope":0.0,"tangentMode":0,"weightedMode":0,"inWeight":0.3333333432674408,"outWeight":0.3333333432674408},{"serializedVersion":"3","time":3.3333332538604738,"value":6.274911403656006,"inSlope":0.0,"outSlope":0.0,"tangentMode":0,"weightedMode":0,"inWeight":0.3333333432674408,"outWeight":0.3333333432674408},{"serializedVersion":"3","time":4.633333206176758,"value":6.274911403656006,"inSlope":0.0,"outSlope":0.0,"tangentMode":0,"weightedMode":0,"inWeight":0.3333333432674408,"outWeight":0.3333333432674408},{"serializedVersion":"3","time":5.0,"value":6.274911403656006,"inSlope":0.0,"outSlope":0.0,"tangentMode":0,"weightedMode":0,"inWeight":0.3333333432674408,"outWeight":0.3333333432674408}],"m_PreInfinity":2,"m_PostInfinity":2,"m_RotationOrder":4},"attribute":"m_LocalPosition.x","path":"","classID":4,"script":{"instanceID":0}},{"curve":{"serializedVersion":"2","m_Curve":[{"serializedVersion":"3","time":0.0,"value":218.1070098876953,"inSlope":-10.890820503234864,"outSlope":-10.890820503234864,"tangentMode":0,"weightedMode":0,"inWeight":0.3333333432674408,"outWeight":0.3333333432674408},{"serializedVersion":"3","time":1.6666666269302369,"value":199.47669982910157,"inSlope":-11.43751049041748,"outSlope":-11.452117919921875,"tangentMode":0,"weightedMode":0,"inWeight":0.3333333432674408,"outWeight":0.3333333432674408},{"serializedVersion":"3","time":3.3333332538604738,"value":179.727783203125,"inSlope":-12.418957710266114,"outSlope":-12.45235538482666,"tangentMode":0,"weightedMode":0,"inWeight":0.3333333432674408,"outWeight":0.3333333432674408},{"serializedVersion":"3","time":4.633333206176758,"value":160.98379516601563,"inSlope":-23.304513931274415,"outSlope":-32.056087493896487,"tangentMode":0,"weightedMode":0,"inWeight":0.3333333432674408,"outWeight":0.3333333432674408},{"serializedVersion":"3","time":5.0,"value":132.68731689453126,"inSlope":-123.30099487304688,"outSlope":-123.30099487304688,"tangentMode":0,"weightedMode":0,"inWeight":0.3333333432674408,"outWeight":0.3333333432674408}],"m_PreInfinity":2,"m_PostInfinity":2,"m_RotationOrder":4},"attribute":"m_LocalPosition.y","path":"","classID":4,