{
  "size": {
    "x": 128,
    "y": 128
  },
  "atlas": {
    "Img_BT_S04": {
      "size": {
        "x": 128,
        "y": 100
      },
      "textureRectOffset": {
        "x": 2.07612,
        "y": 25.02675
      },
      "textureRect": {
        "x": 0.07612038,
        "y": 0.02675056,
        "z": 122.8478,
        "w": 68.9465
      },
      "border": {
        "x": 41,
        "y": 48,
        "z": 61,
        "w": 39
      }
    }
  }
}
