{"size":{"x":512,"y":1024},"atlas":{"button-over":{"size":{"x":190,"y":70},"textureRectOffset":{"x":3.026751,"y":0.02675098},"textureRect":{"x":0.02675104,"y":514.0267,"z":183.9465,"w":69.9465},"border":{"x":25,"y":25,"z":25,"w":25}},"button-up":{"size":{"x":190,"y":70},"textureRectOffset":{"x":3.026751,"y":0.02675098},"textureRect":{"x":0.02675104,"y":586.0267,"z":183.9465,"w":69.9465},"border":{"x":25,"y":25,"z":25,"w":25}},"button-disable":{"size":{"x":190,"y":70},"textureRectOffset":{"x":3.026751,"y":0.02675098},"textureRect":{"x":186.0267,"y":514.0267,"z":183.9465,"w":69.9465},"border":{"x":25,"y":25,"z":25,"w":25}},"button-down":{"size":{"x":190,"y":70},"textureRectOffset":{"x":3.026751,"y":0.02675098},"textureRect":{"x":0.02675104,"y":658.0267,"z":183.9465,"w":69.9465},"border":{"x":25,"y":25,"z":25,"w":25}},"logo_white":{"size":{"x":512,"y":512},"textureRectOffset":{"x":0,"y":0},"textureRect":{"x":0,"y":0,"z":512,"w":512},"border":{"x":0,"y":0,"z":0,"w":0}}}}