{
  "size": {
    "x": 256,
    "y": 512
  },
  "atlas": {
    "button-over": {
      "size": {
        "x": 190,
        "y": 70
      },
      "textureRectOffset": {
        "x": 3.026751,
        "y": 0.02675098
      },
      "textureRect": {
        "x": 0.02675104,
        "y": 0.02675098,
        "z": 183.9465,
        "w": 69.9465
      },
      "border": {
        "x": 25,
        "y": 25,
        "z": 25,
        "w": 25
      }
    },
    "button-up": {
      "size": {
        "x": 190,
        "y": 70
      },
      "textureRectOffset": {
        "x": 3.026751,
        "y": 0.02675098
      },
      "textureRect": {
        "x": 0.02675104,
        "y": 72.02675,
        "z": 183.9465,
        "w": 69.9465
      },
      "border": {
        "x": 25,
        "y": 25,
        "z": 25,
        "w": 25
      }
    },
    "button-disable": {
      "size": {
        "x": 190,
        "y": 70
      },
      "textureRectOffset": {
        "x": 3.026751,
        "y": 0.02675098
      },
      "textureRect": {
        "x": 0.02675104,
        "y": 144.0267,
        "z": 183.9465,
        "w": 69.9465
      },
      "border": {
        "x": 25,
        "y": 25,
        "z": 25,
        "w": 25
      }
    },
    "button-down": {
      "size": {
        "x": 190,
        "y": 70
      },
      "textureRectOffset": {
        "x": 3.026751,
        "y": 0.02675098
      },
      "textureRect": {
        "x": 0.02675104,
        "y": 216.0267,
        "z": 183.9465,
        "w": 69.9465
      },
      "border": {
        "x": 25,
        "y": 25,
        "z": 25,
        "w": 25
      }
    }
  }
}
